{"d_p": 1.0550080332409968, "n_p": 1.4347831024930766, "z_0": 48.29289196675901, "H": 50.180812049861494, "theta": [0.0, 0.015866629563584814, 0.03173325912716963, 0.04759988869075445, 0.06346651825433926, 0.07933314781792407, 0.0951997773815089, 0.1110664069450937, 0.12693303650867852, 0.14279966607226333, 0.15866629563584814, 0.17453292519943295, 0.1903995547630178, 0.2062661843266026, 0.2221328138901874, 0.23799944345377222, 0.25386607301735703, 0.26973270258094184, 0.28559933214452665, 0.30146596170811146, 0.3173325912716963, 0.3331992208352811, 0.3490658503988659, 0.3649324799624507, 0.3807991095260356, 0.3966657390896204, 0.4125323686532052, 0.42839899821679, 0.4442656277803748, 0.4601322573439596, 0.47599888690754444, 0.49186551647112925, 0.5077321460347141, 0.5235987755982989, 0.5394654051618837, 0.5553320347254685, 0.5711986642890533, 0.5870652938526382, 0.6029319234162229, 0.6187985529798078, 0.6346651825433925, 0.6505318121069774, 0.6663984416705622, 0.682265071234147, 0.6981317007977318, 0.7139983303613167, 0.7298649599249014, 0.7457315894884863, 0.7615982190520711, 0.7774648486156559, 0.7933314781792408, 0.8091981077428255, 0.8250647373064104, 0.8409313668699951, 0.85679799643358, 0.8726646259971648, 0.8885312555607496, 0.9043978851243344, 0.9202645146879193, 0.936131144251504, 0.9519977738150889, 0.9678644033786736, 0.9837310329422585, 0.9995976625058433, 1.0154642920694281, 1.0313309216330129, 1.0471975511965979, 1.0630641807601826, 1.0789308103237674, 1.0947974398873521, 1.110664069450937, 1.1265306990145219, 1.1423973285781066, 1.1582639581416914, 1.1741305877052763, 1.189997217268861, 1.2058638468324459, 1.2217304763960306, 1.2375971059596156, 1.2534637355232003, 1.269330365086785, 1.28519699465037, 1.3010636242139548, 1.3169302537775396, 1.3327968833411243, 1.3486635129047093, 1.364530142468294, 1.3803967720318788, 1.3962634015954636, 1.4121300311590486, 1.4279966607226333, 1.443863290286218, 1.4597299198498028, 1.4755965494133878, 1.4914631789769726, 1.5073298085405573, 1.5231964381041423, 1.539063067667727, 1.5549296972313118, 1.5707963267948966], "rho_exp": [1.5512880003665876, 1.3508504450385583, 0.9840761908945184, 0.6365947749842733, 0.45448318731745785, 0.45029491228253365, 0.5319541161785797, 0.6174336690187501, 0.689406627417013, 0.7529353550519705, 0.7967681779285433, 0.8077886163339912, 0.7938972303196058, 0.782132743294508, 0.7974233826069765, 0.841137093362923, 0.8913635200354321, 0.927618387194574, 0.9601551095030945, 1.0289402874674036, 1.150688657704823, 1.278526930610547, 1.363984204854077, 1.4454737782776474, 1.606796962132127, 1.8489051306962982, 2.0617856380733826, 2.123233507629484, 1.9906158063177875, 1.7182043146175878, 1.408894481100917, 1.1411896244315725, 0.9489330101610391, 0.8552563154958072, 0.8809700980552507, 1.0094069383061397, 1.1651574804123987, 1.2476308632156585, 1.2039724853911682, 1.0729171606962118, 0.9384899998623578, 0.8441654356947728, 0.7762889861418967, 0.714801423529198, 0.6667325819164097, 0.6515511976108412, 0.6767482416807395, 0.7413647378268494, 0.8449920348473592, 0.962797087724935, 1.0279157330250044, 0.9870028989156983, 0.8671344552175455, 0.747742015600139, 0.6853354191583736, 0.690523557965866, 0.7432396401090807, 0.800138593843888, 0.8022937885292778, 0.7062541476693689, 0.5226856990318004, 0.3170558736585339, 0.16151540762372854, 0.08613766300527392, 0.07328941238915856, 0.08650858311826508, 0.10209783191965373, 0.12078980323781985, 0.15332188479431463, 0.19847928485567243, 0.23946828248016652, 0.2572695226402693, 0.2407575366514196, 0.19109636850756964, 0.1259187982045008, 0.072057988127696, 0.04788192582955389, 0.05539028384638696, 0.08461558946120423, 0.11950902320675046, 0.14264063616383876, 0.14086847759193383, 0.11245496672399229, 0.07055070657412947, 0.03401433979257242, 0.012448058199293554, 0.0034396567006425723, 0.0007164246004470076, 0.00011262975961209494, 1.3429749833979348e-05, 1.2234962265708236e-06, 8.575764167334588e-08, 4.638639902527007e-09, 1.9291307139691438e-10, 6.10153519969537e-12, 1.4467022019922703e-13, 2.5489898230929178e-15, 3.3570040270857754e-17, 3.374297707309905e-19, 2.6600619976525063e-21], "G0_num": 21.55199469, "G0_interp": 23.32689973, "rho_num": [0.8518756964156293, 0.8297545609671485, 0.8502979157313085, 0.8706784437164989, 0.8908058142627587, 0.9105840053046292, 0.9299117834136662, 0.9486833173980015, 0.966788929907516, 0.9841159885849675, 1.0005499349120692, 1.015975445075411, 1.0302777129979201, 1.043343841253977, 1.0550643210448194, 1.0653345779162122, 1.0740565556345052, 1.0811403067980017, 1.0865055555526701, 1.0900831954071082, 1.0918166837895282, 1.0916632948221423, 1.089595192930194, 1.0856002924297943, 1.0796828721673684, 1.071863919565147, 1.062181184943234, 1.05068893455192, 1.0374573991059077, 1.0225719234575785, 1.0061318320300252, 0.9882490333779002, 0.9690463953758194, 0.948655929686551, 0.9272168300083881, 0.9048734128735285, 0.8817730122716577, 0.8580638799956541, 0.8338931423336062, 0.8094048606416019, 0.7847382385933576, 0.7600260127629815, 0.7353930559669561, 0.7109552148254986, 0.686818394679205, 0.6630778966913102, 0.6398180040349316, 0.6171118068220914, 0.5950212491394776, 0.5735973764015777, 0.5528807573417668, 0.5329020523775218, 0.5136826987882491, 0.4952356830491544, 0.4775663716395115, 0.46067337351898785, 0.44454941004878834, 0.42918217122337826, 0.4145551404745933, 0.4006483738278117, 0.3874392226660704, 0.3749029926564566, 0.36301353440812384, 0.3517437640882671, 0.34106611447651497, 0.3309529187715292, 0.32137673088100555, 0.3123105869509938, 0.3037282135590987, 0.2956041883542201, 0.2879140590231256, 0.2806344263525753, 0.27374299688424814, 0.26721861027393773, 0.2610412460064748, 0.2551920136177423, 0.2496531300626835, 0.24440788736499022, 0.23944061320605184, 0.234736626668661, 0.23028219095149885, 0.22606446451673098, 0.22207145182559643, 0.21829195455414577, 0.2147155239603984, 0.21133241489136767, 0.20813354176946056, 0.2051104367783525, 0.20225521037432762, 0.19956051417627918, 0.19701950623244885, 0.194625818621325, 0.19237352731509808, 0.19025712421429958, 0.18827149124970838, 0.18641187644061658, 0.18467387179576808, 0.18305339294359954, 0.1815466603809803, 0.18015018223375215],