{"theta": [0.0, 0.0320570678937734, 0.0641141357875468, 0.09617120368132019, 0.1282282715750936, 0.16028533946886697, 0.19234240736264038, 0.2243994752564138, 0.2564565431501872, 0.28851361104396056, 0.32057067893773394, 0.3526277468315074, 0.38468481472528077, 0.41674188261905415, 0.4487989505128276, 0.48085601840660097, 0.5129130863003744, 0.5449701541941477, 0.5770272220879211, 0.6090842899816945, 0.6411413578754679, 0.6731984257692414, 0.7052554936630148, 0.7373125615567881, 0.7693696294505615, 0.8014266973443349, 0.8334837652381083, 0.8655408331318817, 0.8975979010256552, 0.9296549689194286, 0.9617120368132019, 0.9937691047069753, 1.0258261726007487, 1.0578832404945222, 1.0899403083882955, 1.121997376282069, 1.1540544441758422, 1.1861115120696157, 1.218168579963389, 1.2502256478571625, 1.2822827157509358, 1.3143397836447093, 1.3463968515384828, 1.378453919432256, 1.4105109873260295, 1.4425680552198028, 1.4746251231135763, 1.5066821910073496, 1.538739258901123, 1.5707963267948966], "rho_exp": [1.212738892419991, 0.6709171442009186, 0.1927622217761444, 0.25219661530862575, 0.42177535502954056, 0.5751175159801017, 0.6221219092086747, 0.7261971340483706, 0.9052105726745542, 0.9373660318279504, 1.0174720466033278, 1.3280427519251414, 1.651975297728429, 1.9826299534119798, 1.8242802812056922, 1.2896411793739808, 0.8942956654205294, 0.9437893853940343, 1.2177430879086504, 1.1375097936802518, 0.9756075520770159, 0.9286360782776543, 0.8897052070952881, 0.9663133013322597, 1.0632224701340767, 0.9950671291794031, 0.7691581296594272, 0.701402725122058, 0.7929510074636643, 0.7524307924114442, 0.40715033619213514, 0.10271165537128166, 0.06876679278872652, 0.10606262845350402, 0.15941799218741645, 0.23956767192175518, 0.22029776993676486, 0.10088769910431472, 0.04507599466062126, 0.10199200309772308, 0.13809688691656918, 0.0783475576505863, 0.01659843301528991, 0.0011506945488380814, 2.4418071767321983e-05, 1.548518084120162e-07, 2.912541742139364e-10, 1.6209560371788036e-13, 2.6675324453726803e-17, 1.297765810281071e-21]}