{"a_p": [0.527, 0.527, 0.527, 0.527], "n_p": [1.435, 1.435, 1.435, 1.435], "imagename": ["crop01_square.png", "crop02.png", "crop03.png", "crop04.png"], "sphere_a_fit": [0.922015151091718, 0.5406944928690794, 1.4309548903877825, 0.5795177228059473], "sphere_n_fit": [1.3712232631957386, 1.5341113676389795, 1.3601457446058545, 1.4835572687693859], "sphere_z_fit": [508.8463619132331, 501.48138527555193, 401.69768053692286, 688.1813111876722], "spherefit_time": [0.5169401168823242, 0.2846994400024414, 0.32602405548095703, 0.28449010848999023], "theta_fit": [0.30073444589577664, 1.5707906070847921, 0.0, 1.2930625808465668], "theta_pos": [2.307000925045221e-07, 4.0320336293691396e-09, 8.640089601733754e-09, 0.02568292885735381], "theta_neg": [2.307000925045221e-07, 4.0320336293691396e-09, 8.640089601733754e-09, 0.02568292885735381], "phi_fit": [0.0009852896296129884, 1.743934249004316e-16, 0.499998461031718, 0.0], "phi_pos": [1.454296830405917e-09, 0.13356899606405742, 1.2439456880828156e-09, 0.038718889039643566], "phi_neg": [1.454296830405917e-09, 0.13356899606405742, 1.2439456880828156e-09, 0.038718889039643566], "z_fit": [62.02122630114779, 60.224866300418306, 48.79098079971688, 82.80525797902663], "z_pos": [7.430794410977033e-07, 1.540204047632626e-08, 6.332565246524268e-09, 0.08293936573466297], "z_neg": [7.430794410977033e-07, 1.540204047632626e-08, 6.332565246524268e-09, 0.08293936573466297], "multisphere_covar": [[[2.3499769676985515e-17, -4.0660636669716546e-22, -2.348893620123747e-24], [-4.0660636669716546e-22, 3.044287455929353e-12, 6.47952877122928e-22], [-2.348893620123747e-24, 6.47952877122928e-22, 1.4805107139661664e-16]], [[0.007230553924771705, 0.0, 0.0], [0.0, 6.588882112219147e-18, -1.9395654501967916e-29], [0.0, -1.9395654501967916e-29, 6.540407713583682e-20]], [[6.189603499599318e-18, 0.0, -4.596780746137108e-28], [0.0, 4.878481351061036e-06, 0.0], [-4.596780746137108e-28, 0.0, 1.6845359629579244e-20]], [[0.14991523684642302, 0.0, 0.0], [0.0, 0.00039135954504304496, -3.3916394101733634e-06], [0.0, -3.3916394101733634e-06, 1.0086661148451524e-06]]], "multispherefit_time": [129.65080428123474, 29.356220722198486, 37.52527093887329, 53.70397901535034]}