{"a_p": [0.527, 0.527, 0.527, 0.527], "n_p": [1.435, 1.435, 1.435, 1.435], "imagename": ["crop01_square.png", "crop02.png", "crop03.png", "crop04.png"], "sphere_a_fit": [0.922015151091718, 0.5406944928690794, 1.4309548903877825, 0.5795177228059473], "sphere_n_fit": [1.3712232631957386, 1.5341113676389795, 1.3601457446058545, 1.4835572687693859], "sphere_z_fit": [508.8463619132331, 501.48138527555193, 401.69768053692286, 688.1813111876722], "spherefit_time": [0.5163238048553467, 0.28670763969421387, 0.32406020164489746, 0.2919933795928955], "theta_fit": [0.30146945114903556, 1.4572063117415404, 0.0, 1.2930625808465668], "theta_pos": [7.83312789900617e-07, 3.865690337728319e-08, 1.3838947783695083e-08, 0.02568292885735381], "theta_neg": [7.83312789900617e-07, 3.865690337728319e-08, 1.3838947783695083e-08, 0.02568292885735381], "phi_fit": [0.0, 0.23341154282494614, 0.005307826233754771, 0.0], "phi_pos": [2.8821558569883495e-07, 5.757788057913983e-09, 2.383381097671501e-10, 0.038718889039643566], "phi_neg": [2.8821558569883495e-07, 5.757788057913983e-09, 2.383381097671501e-10, 0.038718889039643566], "z_fit": [62.022682241562926, 60.00316301364209, 51.06923383669687, 82.80525797902663], "z_pos": [1.463897524917761e-06, 1.1129776508266473e-07, 1.5433246097054606e-08, 0.08293936573466297], "z_neg": [1.463897524917761e-06, 1.1129776508266473e-07, 1.5433246097054606e-08, 0.08293936573466297], "multisphere_covar": [[[8.306822383972247e-12, 0.0, 0.0], [0.0, 3.509623717686048e-11, 1.5120590716534742e-20], [0.0, 1.5120590716534742e-20, 5.745957587772997e-16]], [[3.3152123319856872e-15, -1.4012690459821495e-22, 2.7448578064837064e-24], [-1.4012690459821495e-22, 6.056442096409648e-16, 3.1400924393405677e-24], [2.7448578064837064e-24, 3.1400924393405677e-24, 3.4152396859221606e-18]], [[5.6805054567378075e-18, 0.0, 1.086849497149897e-29], [0.0, 1.2515675597317686e-05, 0.0], [1.086849497149897e-29, 0.0, 1.0005424143735456e-19]], [[0.14991523684642302, 0.0, 0.0], [0.0, 0.00039135954504304496, -3.3916394101733634e-06], [0.0, -3.3916394101733634e-06, 1.0086661148451524e-06]]], "multispherefit_time": [93.47136521339417, 296.4025716781616, 154.08941054344177, 53.66088819503784]}