{"a1_fit": [0.5089384984443949, 0.6324, 0.5425746287343164, 0.4893980200563961], "a2_fit": [0.48190721848168405, 0.4274284646214643, 0.5562283856806356, 0.5460807901456723], "n_p": [1.435, 1.435, 1.435, 1.435], "imagename": ["crop01_square.png", "crop02.png", "crop03.png", "crop04.png"], "theta_fit": [0.18279714481300063, 1.543273605690501, 0.0012364256647111284, 1.3148503957872502], "phi_fit": [0.0, 0.3132945281159763, 0.0004470005249647507, 6.97600501084869e-09], "z_fit": [61.820544657852786, 59.84833771199219, 51.642844709646226, 82.8183773043801], "a1_pos": [1.196781535288583e-09, 1.3444535078078228e-08, 4.1806198340783405e-11, 8.451060999458666e-08], "a1_neg": [1.196781535288583e-09, 1.3444535078078228e-08, 4.1806198340783405e-11, 8.451060999458666e-08], "a2_pos": [9.269529835756784e-07, 9.102319844472886e-09, 4.225432860158551e-11, 6.556745729387733e-06], "a2_neg": [9.269529835756784e-07, 9.102319844472886e-09, 4.225432860158551e-11, 6.556745729387733e-06], "z_pos": [1.5296158332667124e-05, 9.980381824394855e-08, 3.008313863266511e-07, 0.00034871430127118695], "z_neg": [1.5296158332667124e-05, 9.980381824394855e-08, 3.008313863266511e-07, 0.00034871430127118695], "theta_pos": [7.818407307685242e-06, 3.8811064228866095e-08, 4.091492100592299e-09, 0.00012269075987848623], "theta_neg": [7.818407307685242e-06, 3.8811064228866095e-08, 4.091492100592299e-09, 0.00012269075987848623], "phi_pos": [1.3576535531611458e-05, 1.624771617007793e-08, 3.4364330280990236e-14, 0.000492734274871138], "phi_neg": [1.3576535531611458e-05, 1.624771617007793e-08, 3.4364330280990236e-14, 0.000492734274871138], "covar": [[[5.1571353485149114e-18, 0.0, -4.423560258862738e-19, 5.4878216215720424e-24, -1.5756514318677062e-20], [0.0, 1.8675755334303354e-09, 0.0, 0.0, 0.0], [-4.423560258862738e-19, 0.0, 6.725893136869384e-10, -1.738160832613976e-17, -8.465494866990891e-17], [5.4878216215720424e-24, 0.0, -1.738160832613976e-17, 6.082241400849957e-14, 2.3819094294381654e-18], [-1.5756514318677062e-20, 0.0, -8.465494866990891e-17, 2.3819094294381654e-18, 3.0938138752519604e-12]], [[6.508341709568534e-16, 0.0, 0.0, 0.0, 0.0], [0.0, 4.845515521753482e-15, 4.261449293177991e-24, -1.5200456647536826e-26, 1.3313472238204439e-24], [0.0, 4.261449293177991e-24, 7.093637900074424e-16, -8.955415411899855e-25, -1.1136580179210956e-23], [0.0, -1.5200456647536826e-26, -8.955415411899855e-25, 2.766597781669219e-18, -7.783368998698362e-24], [0.0, 1.3313472238204439e-24, -1.1136580179210956e-23, -7.783368998698362e-24, 2.9832040064625917e-16]], [[6.293034647836276e-21, 5.543691802513489e-35, 2.614909946671844e-27, 5.28399113713235e-26, 7.23320645247192e-27], [5.543691802513489e-35, 4.191624553703482e-23, 2.9160528215122377e-30, 3.143916782209104e-34, 9.54929606605477e-35], [2.614909946671844e-27, 2.9160528215122377e-30, 6.784591126007632e-16, -4.63291598286646e-26, 4.902229916755374e-28], [5.28399113713235e-26, 3.143916782209104e-34, -4.63291598286646e-26, 3.4699850628534095e-17, 1.8044065430549843e-29], [7.23320645247192e-27, 9.54929606605477e-35, 4.902229916755374e-28, 1.8044065430549843e-29, 6.428670702630144e-21]], [[2.5715871232954174e-14, 0.0, -3.6592380936259126e-15, -6.526838471352253e-16, -3.0038029441504744e-15], [0.0, 2.4599472862963846e-06, 0.0, 0.0, 0.0], [-3.6592380936259126e-15, 0.0, 9.002945565649588e-09, -1.990143803431732e-13, -1.415933340866548e-12], [-6.526838471352253e-16, 0.0, -1.990143803431732e-13, 1.773469355248257e-11, -3.1944810803116592e-15], [-3.0038029441504744e-15, 0.0, -1.415933340866548e-12, -3.1944810803116592e-15, 1.5479447432513084e-10]]], "fnorm": [41.84286111970294, 125.83878739900528, 400.1174448170022, 62.18052270521431], "fittime": [62.92498230934143, 81.97003865242004, 118.92151498794556, 150.50447583198547]}