{"a_p": 0.527, "n_p": 1.435, "imagename": ["crop01_square.png", "crop02.png", "crop03.png", "crop04.png"], "sphere_a_fit": [0.9219998530988157, 0.5364953800460674, 1.3583885685244652, 0.5794431596699307], "sphere_n_fit": [508.9184812242824, 501.8738913955026, 406.5914890534198, 688.1858648871596], "sphere_z_fit": [1.3712051219243158, 1.5376689656984852, 1.3622762932330075, 1.4835923923674612], "spherefit_time": [0.4600372314453125, 0.28981781005859375, 0.4157445430755615, 0.8369710445404053], "multisphere_theta_fit": [0.3023178415244734, 1.407694469505787, 0.00015545566662364583, 0.0], "multisphere_phi_fit": [0.0026189965899592205, 0.015509597183173744, 0.3087098683155813, 0.07065144721221749], "multisphere_z_fit": [62.02169031260185, 59.94352232661757, 57.33290081043856, 73.01539682073614], "multispherefit_time": [145.5023958683014, 204.2348337173462, 168.5958731174469, 194.98034834861755]}